77094440-6,INGELPO,Establecimiento,Rancagua,Administrador de contrato,Carlos,Campos,56944351007,722492627,carlos.campos@ingelpo.cl,29/08/17
77094440-6,INGELPO,Establecimiento,Rancagua,Gerente General,Jose Luis,Gonzalez,56993197180,722492627,joseluis@ingelpo.cl,
7492014-4,CESAR FIGUEROA L.,Establecimiento,Elqui,Ingeniero Civil,César Alejandro,Figueroa Lagomarsino,996393245,996393245,cesarfigueroa@terra.cl,30/08/17
7654987-7,NELY CASTILLO,Establecimiento,TALTAL,ADMINISTRADOR,JORGE,VALENZUELA ARAYA,985593770,552611750,kako77_valenzu@hotmail.com,30/08/17
76420797-1,EYE SERVICIOS,Zona,Antofagasta,Administrador de recursos humanos,Olga Ivonne,Michea Agurto,993705606,32-3173998,omichea@eeservicios.cl,30/08/17
76420797-1,EYE SERVICIOS,Zona,Atacama,Administrador de recursos humanos,Olga Ivonne,Michea Agurto,993705607,32-3173999,omichea@eeservicios.cl,
76420797-1,EYE SERVICIOS,Zona,Coquimbo,Administrador de recursos humanos,Olga Ivonne,Michea Agurto,993705608,32-3174000,omichea@eeservicios.cl,
76420797-1,EYE SERVICIOS,Zona,Quinta -Melipilla,Administrador de recursos humanos,Olga Ivonne,Michea Agurto,993705609,32-3174001,omichea@eeservicios.cl,
76235974-K,Novatek Ingenieria y Construccion SPA,Zona,Maule Norte,Gerente,Sergio Cristian,Quiroz Arias,56963037569,,sergio.quirozarias@gmail.com,31/08/17
76235974-K,Novatek Ingenieria y Construccion SPA,Establecimiento,Talca,Jefe Adm y Finanzas,Sandra Marioles,Olivares Rivera,56997001842,,sandraolivaresrgmail.com,
76052047-0,INGOSCAMV,Zona,Maule Sur,GERENTE,OSCAR ALFONSO,ARELLANO MATAMALA,993964210,73-2215537,gerente@oscararellano.cl,31/08/17
76052047-0,INGOSCAMV,Zona,Maule Sur,ADMINISTRATIVA,ANDREA CECILIA,VERGARA MORALES,973361799,73-2215537,avergara@oscararellano.cl,
77067410-7,ASEGIM,Zona,Atacama,Administrador de Contrato,Miguel,Gimenez,981575998,512243251,mgimenez@asegim.cl,1/09/17
77067410-7,ASEGIM,Establecimiento,Copiapó,Supervisor,Victor,Veragua,982258983,-,vveragua@asegim.cl,
76256170-0,DB INGENIERIA,Establecimiento,Concepción,Gerente,Victor,Duran,987768617,412388033,vduran@dbingenieria.cl,1/09/17
76256170-0,DB INGENIERIA,Establecimiento,Concepción,Jefe Operaciones,Juan,Arévalo,97036291,412388033,jarevalo@dbingenieria.cl,
76256170-0,DB INGENIERIA,Establecimiento,Concepción,Supervisor,Rodrigo,Fuentes,976983718,412388033,rfuentes@dbingenieria.cl,
76256170-0,DB INGENIERIA,Establecimiento,Concepción,Supervisor,Manuel,Jara,971864207,412388033,mjara@dbingeieria.cl,
76416468-7,MARVIN ANDRES STEVENSON MENESES INGENIER ELECTRICA,Establecimiento,San Bernardo,ENCARGADO DE CUADRILLA,MATIN,CORDOVA,JJLT-77,958387200,mastevensonm@gmail.com,11/09/17
76416468-7,MARVIN ANDRES STEVENSON MENESES INGENIER ELECTRICA,Establecimiento,San Bernardo,ENCARGADO DE CUADRILLA,LEONARDO,GALVEZ,HFSZ-86,984707649,mastevensonm@gmail.com,
76416468-7,MARVIN ANDRES STEVENSON MENESES INGENIER ELECTRICA,Establecimiento,San Bernardo,ENCARGADO DE CUADRILLA,PEDRO,YAÑEZ,GWBF-34,985336480,mastevensonm@gmail.com,
76728180-3,Elytel Ltda,Zona,Maule Norte,Jefe de Operaciones y Logistica,Fernando ,Bels ,979453283,732220166,f.bels@elytel.cl,6/09/17
76728180-3,Elytel Ltda,Zona,Maule Norte,Ing. Electrico,Saulo ,Frias ,952965608,732220166,sfrias@elytel.cl,
76728180-3,Elytel Ltda,Zona,Maule Norte,Rep. Legal,Mariela ,Pinochet,985278867,73220166,mpinochet@elytel.cl,
77266680-2,PAIS,Zona,Araucanía,Jefe sede,Carlos,Riquelme,31,56-9 44218769,Carlos.riquelme@ipais.cl,11/09/17
77266680-2,PAIS,Zona,Araucanía,Ingeniero de proyectos AT,Carlos,Padilla,31,9 4232 9808,Carlos.padilla@ipais.cl,
77266680-2,PAIS,Zona,Araucanía,Ingeniero de proyectos MT,Roberto ,San Martin,31,9 44594208,Roberto.sanmartin@ipais.cl,
77266680-2,PAIS,Zona,Araucanía,Ingeniero Trainee,Jorge,Rozas,31,232265934,jorge.rozas@ipais.cl,
77266680-2,PAIS,Zona,Colchagua-San Fernando,Administrador de Contrato,Verónica,Rodríguez Aedo,004 Toyota Hilux,942848945,veronica.rodriguez@ipais.cl,11/09/17
79615410-1,PROM,Establecimiento,Chillán,Gerente,Jorge ,Figueroa,998863406,422430330,jorgefigueria@prom.cl,11/09/17
76336769-K,RAILEF,Zona,Antofagasta,GERENTE,ESTEFANI ,MONROY,96471399,55-2762800,estefani.monroy@railefeirl.cl,11/09/17
76336769-K,RAILEF,Zona,Antofagasta,ADMINISTRADOR DE CONTRATO,PRISCILLA,ARANCIBIA,942279024,55-2762801,priscilla.arancibia@railefeirl.cl,
76336769-K,RAILEF,Zona,Antofagasta,PREVENCIONISTA,KAREN,NUÑEZ,930562912,55-2762802,karen.nunez@railefeirl.cl,
76336769-K,RAILEF,Zona,Antofagasta,ADMINISTRADOR DE RECURSOS,ROBERTO,SAN MARTIN,82117143,55-2762803,roberto.sanmartin@railefeirl.cl,
77861560-6,RIO MAULE,Establecimiento,Curicó,Gerente,Tomas De Aquino,Guzman Reyes,998200511,712611026,tguzman@rio-maule.cl,11/09/17
76265485-7,VASSAL,Establecimiento,Arica,ADMINISTRADOR,JOSE,VASQUEZ,984413350,582322586,jvasquez@vassal.cl,11/09/17
76265485-7,VASSAL,Establecimiento,Arica,SUPERVISOR,LUIS,MOSNICH,965393899,562312156,evanslmc@gmail.com,
76032425-6,INELECT,Establecimiento,La Ligua,Contratista,Eduardo Segundo,Campos Brito,994230350,994230350,inelect.eirl@gmail.com,14/09/17
76032425-6,INELECT,Establecimiento,La Ligua,Electrico,Angelo Miguel,Vivanco Ortiz,975847501,975847501,inelect.eirl@gmail.com,
76032425-6,INELECT,Establecimiento,La Ligua,Electrico,Gerardo Enrique,Donoso Rios,946280993,946280993,inelect.eirl@gmail.com,
76032425-6,INELECT,Establecimiento,La Ligua,Electrico,Diego Eduardo,Aranda Cardenas,978938833,978938833,inelect.eirl@gmail.com,
78.838.690-7,Sociedad de Ingenieria Electrica Mataquito Ltda.,Establecimiento,Curico,Representante Legal,Maria Victoria ,Pozo Rojas,98952275,752326971,victoriapozo@ingmataquito.cl,14/09/17
78.838.690-7,Sociedad de Ingenieria Electrica Mataquito Ltda.,Establecimiento,Curicó,Gerente General,Ruben Rodrigo,Salinas Agüero,977656825,752326971, rubensalinas@ingmataquito.cl,
76.752.650-4,SERVICIOS ELECTRICOS MANZO LTDA,Establecimiento,Costa,Representante 1,NELSON EDILIO,MANZO QUEZADA,94411573,228319843,electricidadmanzo@gmail.com,14/09/17
76790830-K,M&B,Establecimiento,Illapel,ADMINISTRADOR,Moises Juan,Castillo Saavedra,9-74799195,,myb.electricidad.ltda@gmail.com,7/09/17
76790830-K,M&B,Establecimiento,Illapel,SUPERVISOR,Julio Andrés,Cisternas Chacana,9-90353760,,myb.electricidad.ltda@gmail.com,
04598442-7,LUIS CUELLAR ROJAS,Establecimiento,SERENA,CONTRATISTA,LUIS SEGUNDO,CUELLAR ROJAS,TS-1895,976357898,luiscuellarrojas@gmail.com,15/09/17
76728990-1,INGEPP,Zona,Metropolitana oriente,Gerente Tecnico,Jorge,Gomez,966296891,966296891,jgomez@ingepp.cl,8/09/17
76728990-1,INGEPP,Zona,Quinta -Melipilla,Gerente Tecnico,Jorge,Gomez,966296891,966296891,jgomez@ingepp.cl,
76728990-1,INGEPP,Zona,Colchagua-San Fernando,Coordinador tecnico,Patricio,Galaz,979786176,979786176,pgalaz@ingepp.cl,
76728990-1,INGEPP,Zona,Rancagua-Buin,Coordinador tecnico,Patricio,Galaz,979786176,979786176,pgalaz@ingepp.cl,
76301850-4,NBC,Establecimiento,La Ligua,SGTE Comercial y Técnico,Alonso,Bravo,9-98430290 / 9-98211621,75-2316026,abravo@ieingenieria.cl,15/09/17
77694680-K,MAVASA,Zona,Quinta -Melipilla,Gerente General,Manuel,Vargas,+569 9321 6344,2 2831 1975,mavasa06@gmail.com,15/09/17
77694680-K,MAVASA,Zona,Metropolitana oriente,Gerente General,Manuel,Vargas,+569 9321 6344,2 2831 1975,mavasa06@gmail.com,
77694680-K,MAVASA,Zona,Quinta -Melipilla,Jefe de Operaciones,Alejandro,Abarca,+569 9162 7911,,a.abarca.mavasa@gmail.com,
77694680-K,MAVASA,Zona,Metropolitana oriente,Jefe de Operaciones,Alejandro,Abarca,+569 9162 7911,,a.abarca.mavasa@gmail.com,
76301850-4,IEI INGENIERIA,Establecimiento,La Ligua,SGTE Comercial y Técnico,Alonso,Bravo,9-98430290 / 9-98211621,75-2316026,abravo@ieingenieria.cl,
76799970-4,MAP INGENIERIA,Establecimiento,Illapel,Gerente General,Marco Antonio,Perez Nuñez,996476138-981894663,53-2524856,mperez@mapingenieria.cl,15/09/17
76799970-4,MAP INGENIERIA,Establecimiento,Illapel,Supervisor Eléctrico,Ivan Aron,Rodriguez Cruz,944115671,53-2524856,irodriguez@mapingenieria.cl,
76799970-4,MAP INGENIERIA,Establecimiento,Illapel,Jefe Administración,Olivares Guerra,Nataly Tatiana,975712355,53-2524856,nolivares@mapingenieria.cl,
10833923-3,JUAN NORAMBUENA,Establecimiento,Parral,Supervisor Técnico,Pedro Hendrik ,Cabrera Herrera,974322083,732 613307,phcabrerah@hotmail.com,15/09/17
10833923-3,JUAN NORAMBUENA,Establecimiento,Parral,Gerente,Juan Alfonso,Norambuena Vásquez,994534895,73 2 463051,jnorambuenav@hotmail.com,
76093366-k,ILSON GONZALEZ (COYOTE),Establecimiento,CORONEL - SAN PEDRO DE LA PAZ ,Coordinador SAE ,IVAN EDGARDO,GONZALEZ ZAMBRANO ,950885908,413226402,ILSONGONZALEZ@HOTMAIL.COM,13/09/17
76093366-k,ILSON GONZALEZ (COYOTE),Zona,TOMÉ (OBRAS),GERENTE IGZ ,ILSON IVÁN ,GONZALEZ ZAMBRANO,988088303,413226402,ILSONGONZALEZ@HOTMAIL.COM,
76.074.287-2,I.E.G. LTDA TALCA,Establecimiento,Talca,Administrador y Propietario,Raúl ,Opazo,998407577,71-2685509,ropazo.ieg@hotmail.com,15/09/17
76.074.287-2,I.E.G. LTDA TALCA,Establecimiento,Talca,Supervisor General,Hugo,Valdés,988964819,71-2685509,hvaldes.ieg@hotmail.com,
76036900-4,IMOFESA,Zona,Araucanía,Gerente ,Fernando,Salazar Arias,998643851,432533102,f.salazar@imofesa.cl,15/09/17
76036900-4,IMOFESA,Zona,Los Ángeles,Jefe Brigada SAE y Movil Operación,Patricio ,Ormeño,951693568,432533103,patricioaormenosaavedra@gmail.com,
76036900-4,IMOFESA,Zona,Los Ángeles,Jefe Cuadrillas Pesadas,Domingo,Bustos,998022524,432533103,domingo-bustos@hotmail.es,