77094440-6,INGELPO,BSJW86-1,2008,Camión Grúa
77094440-6,INGELPO,HYXC32-4,2016,Camión Grúa
77094440-6,INGELPO,JFDC90-9,2017,Camión Grúa
77094440-6,INGELPO,HBKR72-0,2016,Camioneta 4x2
77094440-6,INGELPO,HBKR74-7,2016,Camioneta 4x2
77094440-6,INGELPO,HCYH53-4,2016,Camioneta 4x2
77094440-6,INGELPO,HBKR75-5,2016,Camioneta 4x2
77094440-6,INGELPO,HCYH59-3,2017,Camioneta 4x2
77094440-6,INGELPO,FFPF67-K,2013,Camioneta 4x2
77094440-6,INGELPO,HFKF39-5,2015,Hidroelevador
7492014-4,CESAR FIGUEROA L.,WT 50 07,2002,Camión Grúa
7492014-4,CESAR FIGUEROA L.,HV WZ 39,2016,Camión Grúa
7492014-4,CESAR FIGUEROA L.,HH YD 27,2015,Camión 3/4
7492014-4,CESAR FIGUEROA L.,HX YD 28,2015,Camión 3/4
7492014-4,CESAR FIGUEROA L.,HX YD 70,2016,Camión 3/4
7492014-4,CESAR FIGUEROA L.,BL BX 52,2008,Camión 3/4
7492014-4,CESAR FIGUEROA L.,DV KJ 23,2012,Camioneta 4x2
7492014-4,CESAR FIGUEROA L.,DV KJ 46,2012,Camioneta 4x2
7492014-4,CESAR FIGUEROA L.,DB ZS 43,2011,Camioneta 4x2
7654987-7,NELY CASTILLO,DZYT48,2014,Camioneta 4x2
76420797-1,EYE SERVICIOS,JBPJ-37,2017,OTRO
76420797-1,EYE SERVICIOS,HGTX-32,2017,OTRO
76420797-1,EYE SERVICIOS,GLSH-47,2014,OTRO
76420797-1,EYE SERVICIOS,GLSH-50,2014,OTRO
76420797-1,EYE SERVICIOS,JTRR-81,2017,OTRO
76420797-1,EYE SERVICIOS,JHVK-29,2017,Camioneta 4x2
76420797-1,EYE SERVICIOS,JHVK-26,2017,OTRO
76420797-1,EYE SERVICIOS,JHVK-25,2017,OTRO
76420797-1,EYE SERVICIOS,JBPJ-41,2017,OTRO
76420797-1,EYE SERVICIOS,DWFV-86,2012,Furgón
76420797-1,EYE SERVICIOS,FSWX-60,2013,OTRO
76420797-1,EYE SERVICIOS,JTRR-47,2017,Camioneta 4x2
76420797-1,EYE SERVICIOS,JTRR-82,2017,Camioneta 4x2
76235974-K,Novatek Ingenieria y Construccion SPA,CKPD51,2010,Camión Grúa
76235974-K,Novatek Ingenieria y Construccion SPA,BRYZ23,2008,Camión Grúa
76235974-K,Novatek Ingenieria y Construccion SPA,WR82,2007,Camión Grúa
76235974-K,Novatek Ingenieria y Construccion SPA,CHTY37,2010,Camión Grúa
76235974-K,Novatek Ingenieria y Construccion SPA,CTJL25,2011,Camioneta 4x4
76235974-K,Novatek Ingenieria y Construccion SPA,DD CW42,2010,Camioneta 4x4
76235974-K,Novatek Ingenieria y Construccion SPA,FGFB36,2013,Camioneta 4x4
76235974-K,Novatek Ingenieria y Construccion SPA,FC FS 10,2012,Camioneta 4x4
76235974-K,Novatek Ingenieria y Construccion SPA,HR-SF-88 ,2013,Camioneta 4x4
76235974-K,Novatek Ingenieria y Construccion SPA,JJ RK 61,2017,Camioneta 4x4
76235974-K,Novatek Ingenieria y Construccion SPA,JR KL 34,2017,Camioneta 4x4
76235974-K,Novatek Ingenieria y Construccion SPA,JR KL 35,2017,Camioneta 4x4
76235974-K,Novatek Ingenieria y Construccion SPA,JR KL 36,2017,Camioneta 4x4
76235974-K,Novatek Ingenieria y Construccion SPA,JS FX 61,2017,Camioneta 4x4
76235974-K,Novatek Ingenieria y Construccion SPA,JS GP 13,2017,Camioneta 4x4
76235974-K,Novatek Ingenieria y Construccion SPA,JS GP14,2017,Camioneta 4x4
76235974-K,Novatek Ingenieria y Construccion SPA,JS GX 65,2017,Camioneta 4x4
76235974-K,Novatek Ingenieria y Construccion SPA,JS GX 66,2017,Camioneta 4x4
76235974-K,Novatek Ingenieria y Construccion SPA,JS HJ 50,2017,Camioneta 4x4
76235974-K,Novatek Ingenieria y Construccion SPA,JSGP13,2017,Camioneta 4x4
76235974-K,Novatek Ingenieria y Construccion SPA,SS TV 11,2014,Camioneta 4x2
76235974-K,Novatek Ingenieria y Construccion SPA,GBVG17,2014,Camioneta 4x4
76052047-0,INGOSCAMV,JGJC62,2017,Furgón
76052047-0,INGOSCAMV,JJBF48,2017,Camioneta 4x4
76052047-0,INGOSCAMV,JHYX31,2017,Camioneta 4x4
76052047-0,INGOSCAMV,JHYV45,2017,Camioneta 4x4
76052047-0,INGOSCAMV,HLFS81,2015,Furgón
76052047-0,INGOSCAMV,JHGC61,2017,Camioneta 4x4
76052047-0,INGOSCAMV,JHYX32,2017,Camioneta 4x4
76052047-0,INGOSCAMV,HLFS82,2015,Furgón
76052047-0,INGOSCAMV,CXFS44,2011,Camioneta 4x2
76052047-0,INGOSCAMV,JHYX33,2017,Camioneta 4x4
76052047-0,INGOSCAMV,JPBC85,2017,Camioneta 4x4
76052047-0,INGOSCAMV,JPBC86,2017,Camioneta 4x4
76052047-0,INGOSCAMV,BKGZ37,2008,Furgón
76052047-0,INGOSCAMV,FYGY86,2014,Camioneta 4x4
76052047-0,INGOSCAMV,FWFP89,2013,Furgón
76052047-0,INGOSCAMV,FZDD51,2014,Camioneta 4x4
76052047-0,INGOSCAMV,FWBT91,2013,Furgón
76052047-0,INGOSCAMV,FWFR12,2013,Furgón
76052047-0,INGOSCAMV,FWBT94,2013,Furgón
76052047-0,INGOSCAMV,FYHG45,2014,Camioneta 4x4
76052047-0,INGOSCAMV,FYHB28,2015,Camioneta 4x4
76052047-0,INGOSCAMV,FYHB25,2015,Camioneta 4x4
76052047-0,INGOSCAMV,GXYV95,2015,Furgón
76052047-0,INGOSCAMV,GXYV96,2015,Furgón
76052047-0,INGOSCAMV,GXYV97,2015,Furgón
76052047-0,INGOSCAMV,DTJG44,2012,Camioneta 4x4
76052047-0,INGOSCAMV,JGKJ16,2017,Camioneta 4x4
76052047-0,INGOSCAMV,JGKJ21,2017,Camioneta 4x4
76052047-0,INGOSCAMV,JGKJ15,2017,Camioneta 4x4
76052047-0,INGOSCAMV,JGKJ17,2017,Camioneta 4x4
76052047-0,INGOSCAMV,JHXZ37,2017,Furgón
76052047-0,INGOSCAMV,JHGB73,2017,Camioneta 4x4
76052047-0,INGOSCAMV,JHGB77,2017,Camioneta 4x4
76052047-0,INGOSCAMV,GPGS83,2015,Camioneta 4x4
76052047-0,INGOSCAMV,JHGC66,2017,Camioneta 4x4
77067410-7,ASEGIM,WA-9689,2006,Camión Grúa
77067410-7,ASEGIM,XT-7750,2004,Camión Grúa
77067410-7,ASEGIM,PN-7918,1996,Camión Grúa
77067410-7,ASEGIM,BKKP-66,2008,Camión Grúa
77067410-7,ASEGIM,FFXC-77,2013,Camioneta 4x4
77067410-7,ASEGIM,FFXC-78,2013,Camioneta 4x4
77067410-7,ASEGIM,HBFV-18,2015,Camioneta 4x4
77067410-7,ASEGIM,HYYY-18,2016,Camioneta 4x2
77067410-7,ASEGIM,JDKP-69,2017,Camioneta 4x4
77067410-7,ASEGIM,BFCV-29,2008,Camioneta 4x2
77067410-7,ASEGIM,GZZC-48,2016,Camioneta 4x2
76256170-0,DB INGENIERIA,GC XR 66,2010,Camioneta 4x2
76256170-0,DB INGENIERIA,HR JF 37,2016,Camioneta 4x2
76256170-0,DB INGENIERIA,HR JF 38,2016,Camioneta 4x2
76256170-0,DB INGENIERIA,HR JF 39,2016,Camioneta 4x2
76256170-0,DB INGENIERIA,JF CH 83,2017,Camioneta 4x2
76256170-0,DB INGENIERIA,JF CH 82,2017,Camioneta 4x2
76256170-0,DB INGENIERIA,JF CH 81,2017,Camioneta 4x2
76256170-0,DB INGENIERIA,JF CH 80,2017,Camioneta 4x2
76256170-0,DB INGENIERIA,JL DD 70,2017,Camioneta 4x2
76256170-0,DB INGENIERIA,JK DH 41,2017,Camioneta 4x2
76256170-0,DB INGENIERIA,JG JZ 97,2017,Camioneta 4x2
76256170-0,DB INGENIERIA,JG JZ 96,2017,Camioneta 4x2
76256170-0,DB INGENIERIA,JG JZ 95,2017,Camioneta 4x2
76256170-0,DB INGENIERIA,FH ST 83,2013,Camioneta 4x2
76256170-0,DB INGENIERIA,DT RJ 23,2012,Camioneta 4x2
76256170-0,DB INGENIERIA,ZY 40 08,2006,Camioneta 4x2
76256170-0,DB INGENIERIA,VU 38 12,2003,Camioneta 4x2
76256170-0,DB INGENIERIA,VU 38 11,2003,Camioneta 4x2
76256170-0,DB INGENIERIA,XV 88 44,2005,Camión Grúa
76256170-0,DB INGENIERIA,BG VC 57,2008,Camión Grúa
76256170-0,DB INGENIERIA,BH CH 30,2008,Camión Grúa
76256170-0,DB INGENIERIA,WH 79 58,2006,Camión Grúa
76256170-0,DB INGENIERIA,JF VG 67,2017,Camión Grúa
76256170-0,DB INGENIERIA,JF VG 66,2017,Camión Grúa
76256170-0,DB INGENIERIA,JJ BY 31,2017,Camión Grúa
76256170-0,DB INGENIERIA,JJ BB 68,2017,Camión Grúa
76256170-0,DB INGENIERIA,JJ BY 32,2017,Camión Grúa
76256170-0,DB INGENIERIA,DV 53 67,1992,Camión Grúa
77552960-1,EZENTIS,HDDL69,2017,Hidroelevador
77552960-1,EZENTIS,HJYF85,2017,Hidroelevador
77552960-1,EZENTIS,HJYF86,2017,Hidroelevador
77552960-1,EZENTIS,HJYF87,2017,Hidroelevador
77552960-1,EZENTIS,HJYF89,2017,Hidroelevador
77552960-1,EZENTIS,HKXV33,2017,Hidroelevador
77552960-1,EZENTIS,HVFL58,2017,Hidroelevador
77552960-1,EZENTIS,HZRX78,2016,Hidroelevador
77552960-1,EZENTIS,HZRX79,2016,Hidroelevador
77552960-1,EZENTIS,HJYF88,2017,Hidroelevador
77552960-1,EZENTIS,HVFL57,2017,Hidroelevador
77552960-1,EZENTIS,HKGW62,2017,Hidroelevador
77552960-1,EZENTIS,JCHK50,2016,Hidroelevador
77552960-1,EZENTIS,HJYF84,2017,Hidroelevador
77552960-1,EZENTIS,JCHK51,2016,Hidroelevador
96837950-K,TECNET,CFYV93,2009,Hidroelevador
96837950-K,TECNET,BBPS50,2008,Hidroelevador
96837950-K,TECNET,DDLS51,2011,Hidroelevador
96837950-K,TECNET,BYJF91,2009,Hidroelevador
96837950-K,TECNET,BBPS52,2008,Hidroelevador
96837950-K,TECNET,BYJF90,2009,Hidroelevador
96837950-K,TECNET,DDLS50,2011,Hidroelevador
96837950-K,TECNET,DDLS52,2011,Hidroelevador
96837950-K,TECNET,XG9209,2004,Hidroelevador
96837950-K,TECNET,GLCC-36,2014,Hidroelevador
96837950-K,TECNET,GSWJ-39,2014,Hidroelevador
96837950-K,TECNET,HKSR-35,2016,Hidroelevador
96837950-K,TECNET,HKSR-44,2016,Hidroelevador
96837950-K,TECNET,ZTZD-55,2010,Camión Grúa
96837950-K,TECNET,BYJF-88,2009,Camión Grúa
96837950-K,TECNET,XN 17 74,1991,Camión Grúa
96837950-K,TECNET,BW FL 39,1998,Camión Grúa
96837950-K,TECNET,BGYJ11,2008,Camioneta 4x4
96837950-K,TECNET,CFXC60,2009,Camioneta 4x4
96837950-K,TECNET,CHKC51,2010,Camioneta 4x4
96837950-K,TECNET,CHKC50,2010,Camioneta 4x4
96837950-K,TECNET,CKXK35,2010,Camioneta 4x4
96837950-K,TECNET,CPGX16,2010,Camioneta 4x4
96837950-K,TECNET,CVGD45,2010,Camioneta 4x4
96837950-K,TECNET,CVGD44,2010,Camioneta 4x4
96837950-K,TECNET,CVGD48,2010,Camioneta 4x4
96837950-K,TECNET,CRDZ21,2010,Camioneta 4x4
96837950-K,TECNET,CTTS91,2010,Camioneta 4x4
96837950-K,TECNET,DDFV77,2011,Camioneta 4x4
96837950-K,TECNET,DTJJ87,2011,Camioneta 4x4
96837950-K,TECNET,GDHP51,2014,Camioneta 4x4
96837950-K,TECNET,GDKK86,2014,Camioneta 4x4
96837950-K,TECNET,GDHV34,2014,Camioneta 4x4
96837950-K,TECNET,GDHV36,2014,Camioneta 4x4
96837950-K,TECNET,GDKK88,2014,Camioneta 4x4
96837950-K,TECNET,GDHV37,2014,Camioneta 4x4
96837950-K,TECNET,GDHV38,2014,Camioneta 4x4
96837950-K,TECNET,HHJD20,2014,Camioneta 4x4
96837950-K,TECNET,GDKK89,2014,Camioneta 4x4
96837950-K,TECNET,FYHS65,2014,Camioneta 4x4
96837950-K,TECNET,GDKK87,2014,Camioneta 4x4
96837950-K,TECNET,GDHV35,2014,Camioneta 4x4
96837950-K,TECNET,GDKK90,2014,Camioneta 4x4
96837950-K,TECNET,HFBP36,2015,Camioneta 4x4
96837950-K,TECNET,HFBP32,2015,Camioneta 4x4
96837950-K,TECNET,HFBP34,2015,Camioneta 4x4
96837950-K,TECNET,HFBP33,2015,Camioneta 4x4
96837950-K,TECNET,HFBP35,2015,Camioneta 4x4
96837950-K,TECNET,HFBP31,2015,Camioneta 4x4
96837950-K,TECNET,HFBP30,2015,Camioneta 4x4
96837950-K,TECNET,HWLB39,2016,Camioneta 4x4
96837950-K,TECNET,HWLB53,2016,Camioneta 4x4
96837950-K,TECNET,HWLB38,2016,Camioneta 4x4
96837950-K,TECNET,JLSV92,2017,Camioneta 4x4
96837950-K,TECNET,BCJY63,2007,Camioneta 4x2
96837950-K,TECNET,BGXT61,2008,Camioneta 4x2
96837950-K,TECNET,CVGD52,2010,Camioneta 4x2
96837950-K,TECNET,DVWH73,2012,Camioneta 4x2
96837950-K,TECNET,HFBP18,2015,Camioneta 4x2
96837950-K,TECNET,HFFC67,2015,Camioneta 4x2
96837950-K,TECNET,JLRY13,2017,Camioneta 4x2
96837950-K,TECNET,JSJG73,2017,Camioneta 4x2
96837950-K,TECNET,SW7833,2007,Camioneta 4x2
96837950-K,TECNET,MZ4958,2007,Camioneta 4x2
96837950-K,TECNET,BGXT60,2008,Camioneta 4x2
96837950-K,TECNET,BHLR77,2008,Camioneta 4x2
96837950-K,TECNET,BKJH14,2008,Camioneta 4x2
96837950-K,TECNET,BTXB30,2009,Camioneta 4x2
96837950-K,TECNET,BTXB55,2009,Camioneta 4x2
96837950-K,TECNET,BGRH89,2009,Camioneta 4x2
96837950-K,TECNET,BYYJ18,2009,Camioneta 4x2
96837950-K,TECNET,CHBH54,2010,Camioneta 4x2
96837950-K,TECNET,CHCH25,2010,Camioneta 4x2
96837950-K,TECNET,CJKJ83,2010,Camioneta 4x2
96837950-K,TECNET,CKWY86,2010,Camioneta 4x2
96837950-K,TECNET,CKWY78,2010,Camioneta 4x2
96837950-K,TECNET,CPGX45,2010,Camioneta 4x2
96837950-K,TECNET,CPGY53,2010,Camioneta 4x2
96837950-K,TECNET,CRWV26,2010,Camioneta 4x2
96837950-K,TECNET,CRYD86,2010,Camioneta 4x2
96837950-K,TECNET,CRYD88,2010,Camioneta 4x2
96837950-K,TECNET,CRWV27,2010,Camioneta 4x2
96837950-K,TECNET,CRYG89,2010,Camioneta 4x2
96837950-K,TECNET,CTHS12,2010,Camioneta 4x2
96837950-K,TECNET,CTHR98,2010,Camioneta 4x2
96837950-K,TECNET,CYXF79,2011,Camioneta 4x2
96837950-K,TECNET,DBTW66,2011,Camioneta 4x2
96837950-K,TECNET,DBTW68,2011,Camioneta 4x2
96837950-K,TECNET,DBTW73,2011,Camioneta 4x2
96837950-K,TECNET,DDPD12,2011,Camioneta 4x2
96837950-K,TECNET,DPDG54,2011,Camioneta 4x2
96837950-K,TECNET,DVWG55,2012,Camioneta 4x2
96837950-K,TECNET,DVWG56,2012,Camioneta 4x2
96837950-K,TECNET,DVWH63,2012,Camioneta 4x2
96837950-K,TECNET,DVWG52,2012,Camioneta 4x2
96837950-K,TECNET,DVWH74,2012,Camioneta 4x2
96837950-K,TECNET,FYHP33,2014,Camioneta 4x2
96837950-K,TECNET,GDHP55,2014,Camioneta 4x2
96837950-K,TECNET,GDHV73,2014,Camioneta 4x2
96837950-K,TECNET,GDHP58,2014,Camioneta 4x2
96837950-K,TECNET,GDHV77,2014,Camioneta 4x2
96837950-K,TECNET,GDHV75,2014,Camioneta 4x2
96837950-K,TECNET,GDHP65,2014,Camioneta 4x2
96837950-K,TECNET,GDHV79,2014,Camioneta 4x2
96837950-K,TECNET,GDHV86,2014,Camioneta 4x2
96837950-K,TECNET,HPSG68,2014,Camioneta 4x2
96837950-K,TECNET,GDHV74,2014,Camioneta 4x2
96837950-K,TECNET,GDHV80,2014,Camioneta 4x2
96837950-K,TECNET,GDHV72,2014,Camioneta 4x2
96837950-K,TECNET,GDHP52,2014,Camioneta 4x2
96837950-K,TECNET,GDHV76,2014,Camioneta 4x2
96837950-K,TECNET,GDHP63,2014,Camioneta 4x2
96837950-K,TECNET,FYHP35,2014,Camioneta 4x2
96837950-K,TECNET,GDHP53,2014,Camioneta 4x2
96837950-K,TECNET,GDHP54,2014,Camioneta 4x2
96837950-K,TECNET,GDHP56,2014,Camioneta 4x2
96837950-K,TECNET,FYHP15,2014,Camioneta 4x2
96837950-K,TECNET,GDHV71,2014,Camioneta 4x2
96837950-K,TECNET,FYHP29,2014,Camioneta 4x2
96837950-K,TECNET,GDHV78,2014,Camioneta 4x2
96837950-K,TECNET,GDHP64,2014,Camioneta 4x2
96837950-K,TECNET,FYHP30,2014,Camioneta 4x2
96837950-K,TECNET,DXWP31,2014,Camioneta 4x2
96837950-K,TECNET,FYHP32,2014,Camioneta 4x2
96837950-K,TECNET,HFFC64,2015,Camioneta 4x2
96837950-K,TECNET,HFFC60,2015,Camioneta 4x2
96837950-K,TECNET,HFFC65,2015,Camioneta 4x2
96837950-K,TECNET,HFFC61,2015,Camioneta 4x2
96837950-K,TECNET,HFFC63,2015,Camioneta 4x2
96837950-K,TECNET,HFFC62,2015,Camioneta 4x2
96837950-K,TECNET,HPBX81,2015,Camioneta 4x2
96837950-K,TECNET,HGVB29,2015,Camioneta 4x2
96837950-K,TECNET,HPBX80,2015,Camioneta 4x2
96837950-K,TECNET,HWLB48,2016,Camioneta 4x2
96837950-K,TECNET,HWLB46,2016,Camioneta 4x2
96837950-K,TECNET,HWKY48,2016,Camioneta 4x2
96837950-K,TECNET,HWLB51,2016,Camioneta 4x2
96837950-K,TECNET,HWLB43,2016,Camioneta 4x2
96837950-K,TECNET,HWLB49,2016,Camioneta 4x2
96837950-K,TECNET,HWLB52,2016,Camioneta 4x2
96837950-K,TECNET,HWLB45,2016,Camioneta 4x2
96837950-K,TECNET,HWLB42,2016,Camioneta 4x2
96837950-K,TECNET,JJSL89,2017,Camioneta 4x2
96837950-K,TECNET,JRCK52,2017,Camioneta 4x2
96837950-K,TECNET,JRCK51,2017,Camioneta 4x2
96837950-K,TECNET,JRCK53,2017,Camioneta 4x2
96837950-K,TECNET,JLRY12,2017,Camioneta 4x2
96837950-K,TECNET,JLRY10,2017,Camioneta 4x2
96837950-K,TECNET,JRZC46,2017,Camioneta 4x2
96837950-K,TECNET,HFBP20,2017,Camioneta 4x2
96837950-K,TECNET,BDSF53,2007,Furgón
96837950-K,TECNET,BGTX59,2007,Furgón
96837950-K,TECNET,BGTX60,2007,Furgón
96837950-K,TECNET,BGWT45,2008,Furgón
96837950-K,TECNET,CCLT43,2009,Furgón
96837950-K,TECNET,GWRB11,2014,Furgón
96837950-K,TECNET,BYKV93,2009,Camioneta 4x4
96837950-K,TECNET,BYKV92,2009,Camioneta 4x4
96837950-K,TECNET,CVGD47,2010,Camioneta 4x4
96837950-K,TECNET,CVGD50,2010,Camioneta 4x4
96837950-K,TECNET,CVGD46,2010,Camioneta 4x4
96837950-K,TECNET,DYWD63,2012,Camioneta 4x4
96837950-K,TECNET,GBSX62,2014,Camioneta 4x4
96837950-K,TECNET,JKZL53,2014,Camioneta 4x4
96837950-K,TECNET,FYLL32,2014,Camioneta 4x4
96837950-K,TECNET,FYHS64,2014,Camioneta 4x4
96837950-K,TECNET,BHLR75,2008,Camioneta 4x2
96837950-K,TECNET,BHLS44,2008,Camioneta 4x2
96837950-K,TECNET,BKJH16,2008,Camioneta 4x2
96837950-K,TECNET,BSDR20,2008,Camioneta 4x2
96837950-K,TECNET,BWJB62,2008,Camioneta 4x2
96837950-K,TECNET,BWGL83,2009,Camioneta 4x2
96837950-K,TECNET,BHYX14,2009,Camioneta 4x2
96837950-K,TECNET,CHBH52,2010,Camioneta 4x2
96837950-K,TECNET,CHBH50,2010,Camioneta 4x2
96837950-K,TECNET,CJKR78,2010,Camioneta 4x2
96837950-K,TECNET,CPCK93,2010,Camioneta 4x2
96837950-K,TECNET,CPFK88,2010,Camioneta 4x2
96837950-K,TECNET,CTWK21,2010,Camioneta 4x2
96837950-K,TECNET,DBTV93,2011,Camioneta 4x2
96837950-K,TECNET,DDLP78,2011,Camioneta 4x2
96837950-K,TECNET,DDLP55,2011,Camioneta 4x2
96837950-K,TECNET,DFCJ55,2011,Camioneta 4x2
96837950-K,TECNET,DFDG66,2011,Camioneta 4x2
96837950-K,TECNET,DFCT45,2011,Camioneta 4x2
96837950-K,TECNET,DPDG61,2011,Camioneta 4x2
96837950-K,TECNET,DPDG52,2011,Camioneta 4x2
96837950-K,TECNET,FYHP53,2014,Camioneta 4x2
96837950-K,TECNET,DXWP41,2014,Camioneta 4x2
96837950-K,TECNET,DXWP35,2014,Camioneta 4x2
96837950-K,TECNET,HFBP14,2015,Camioneta 4x2
96837950-K,TECNET,HFBP15,2015,Camioneta 4x2
96837950-K,TECNET,HFBP13,2015,Camioneta 4x2
96837950-K,TECNET,HFBP19,2015,Camioneta 4x2
96837950-K,TECNET,HFBP16,2015,Camioneta 4x2
96837950-K,TECNET,HWKY46,2016,Camioneta 4x2
96837950-K,TECNET,HWLB47,2016,Camioneta 4x2
96837950-K,TECNET,JRZC50,2017,Camioneta 4x2
96837950-K,TECNET,BDBZ71,2007,Furgón
96837950-K,TECNET,BKLK16,2008,Furgón
96837950-K,TECNET,CCLT44,2009,Furgón
96837950-K,TECNET,CCLT45,2009,Furgón
96837950-K,TECNET,BYVH72,2009,Furgón
96837950-K,TECNET,GWRB14,2014,Furgón
96837950-K,TECNET,GWRB15,2014,Furgón
96837950-K,TECNET,GCXV99,2014,Furgón
96837950-K,TECNET,GWRB16,2014,Furgón
96837950-K,TECNET,JRPF41,2017,Furgón
96837950-K,TECNET,JRPF42,2017,Furgón
96837950-K,TECNET,JRPF43,2017,Furgón
96837950-K,TECNET,JRPF45,2017,Furgón
96837950-K,TECNET,JRPF46,2017,Furgón
96837950-K,TECNET,JRPF54,2017,Furgón
96837950-K,TECNET,JRPF52,2017,Furgón
96837950-K,TECNET,JRPF50,2017,Furgón
96837950-K,TECNET,JRPF51,2017,Furgón
96837950-K,TECNET,JRPF37,2017,Furgón
96837950-K,TECNET,JRPF38,2017,Furgón
96837950-K,TECNET,JRPF39,2017,Furgón
96837950-K,TECNET,JRPF40,2017,Furgón
96837950-K,TECNET,JRPF44,2017,Furgón
96837950-K,TECNET,JRPF53,2017,Furgón
96837950-K,TECNET,JVKJ99,2017,Furgón
96837950-K,TECNET,JVPZ30,2017,Furgón
96837950-K,TECNET,JVPZ26,2017,Furgón
76416468-7,MARVIN ANDRES STEVENSON MENESES INGENIER ELECTRICA,JJLT-77,2015,Camioneta 4x2
76416468-7,MARVIN ANDRES STEVENSON MENESES INGENIER ELECTRICA,HFSZ-86,2015,Camioneta 4x2
76416468-7,MARVIN ANDRES STEVENSON MENESES INGENIER ELECTRICA,GWBF-34,2015,Camioneta 4x2
76728180-3,Elytel Ltda,DRPR45,2012,Camión Grúa
76728180-3,Elytel Ltda,DLSR54,2012,Camión Grúa
76728180-3,Elytel Ltda,GCVT33,2014,Camión Grúa
76728180-3,Elytel Ltda,DLLG34,2008,Hidroelevador
76728180-3,Elytel Ltda,DTJR24,2007,Hidroelevador
76728180-3,Elytel Ltda,BXCS79,2009,Camioneta 4x4
76728180-3,Elytel Ltda,HBRS48,2015,Camioneta 4x2
76728180-3,Elytel Ltda,FSGH99,2013,Camioneta 4x2
76728180-3,Elytel Ltda,DTXS94,2012,OTRO
76728180-3,Elytel Ltda,BHDR87,2008,OTRO
76728180-3,Elytel Ltda,JDTK24,2017,Camioneta 4x2
76728180-3,Elytel Ltda,JSZJ20,2017,Camioneta 4x2
77266680-2,PAIS,WH5093,,Hidroelevador
77266680-2,PAIS,ZW6756,,Hidroelevador
77266680-2,PAIS,JFCK46,,Camioneta 4x4
77266680-2,PAIS,JFCK48,,Camioneta 4x4
77266680-2,PAIS,ZW1957,,Camión Grúa
77266680-2,PAIS,XW9798,,Hidroelevador
77266680-2,PAIS,MY5115,,Camión Grúa
77266680-2,PAIS,BDSW53,,Camión Grúa
77266680-2,PAIS,CBVJ19,,Camión Grúa
77266680-2,PAIS,CRBB94,,Camión Grúa
77266680-2,PAIS,DZXY76,,Camioneta 4x2
77266680-2,PAIS,DZXY78,,Camioneta 4x2
77266680-2,PAIS,DZXY87,,Camioneta 4x4
77266680-2,PAIS,DZXY95,,Camioneta 4x4
77266680-2,PAIS,DZXY89,,Camioneta 4x4
77266680-2,PAIS,HCPF63,,Hidroelevador
77266680-2,PAIS,HDVX48,,Furgón
77266680-2,PAIS,HDVX49,,Furgón
77266680-2,PAIS,JFDR53,,Camión Grúa
77266680-2,PAIS,GYLG12,,Hidroelevador
77266680-2,PAIS,GYLG10,,Hidroelevador
77266680-2,PAIS,GYLG32,,Hidroelevador
77266680-2,PAIS,JFCK*32,2017,Camioneta 4x4
77266680-2,PAIS,JDRB*44,2017,Camioneta 4x4
77266680-2,PAIS,GYLH*14,2016,Hidroelevador
77266680-2,PAIS,HKSR*49,2016,Camión Grúa
77266680-2,PAIS,JFDR*54,2017,Camión Grúa
77266680-2,PAIS,JDRB*54,2017,Camioneta 4x4
77266680-2,PAIS,JFCK*43,2017,Camioneta 4x4
77266680-2,PAIS,JFCR*64,2017,Camión 3/4
77266680-2,PAIS,ZL*4164,2006,Hidroelevador
77266680-2,PAIS,WH*5093,2007,Hidroelevador
77266680-2,PAIS,JF CK 34,2016,Camioneta 4x4
77266680-2,PAIS,JC ZL 59,2016,Furgón
77266680-2,PAIS,HK SR 51,2016,Camión Grúa
77266680-2,PAIS,HK SR 47,2016,Camión Grúa
77266680-2,PAIS,HK SR 48,2016,Camión Grúa
77266680-2,PAIS,JF DR 52,2016,Camión Grúa
77266680-2,PAIS,JF CR 57,2016,Camión 3/4
77266680-2,PAIS,JF CR 58,2016,Camión 3/4
77266680-2,PAIS,JF CR 56,2016,Camión 3/4
77266680-2,PAIS,JF CR 55,2016,Camión 3/4
77266680-2,PAIS,JF CR 61,2016,Camión 3/4
77266680-2,PAIS,JF CR 51,2016,Camión 3/4
77266680-2,PAIS,JF CR 53,2016,Camión 3/4
77266680-2,PAIS,JF CR 54,2016,Camión 3/4
77266680-2,PAIS,CR BB 95,2016,Hidroelevador
77266680-2,PAIS,JD DX 21,2017,Camioneta 4x4
77266680-2,PAIS,JF CR 59,2017,Camión 3/4
77266680-2,PAIS,JF CR 60,2017,Camión 3/4
77266680-2,PAIS,JF CR 62,2017,Camión 3/4
77266680-2,PAIS,JF CR 63,2017,Camión 3/4
77266680-2,PAIS,JF CR 65,2017,Camión 3/4
77266680-2,PAIS,JD FW 20,2016,OTRO
77266680-2,PAIS,JF DR 55,2017,Camión Grúa
77266680-2,PAIS,JF DR 56,2017,Camión Grúa
77266680-2,PAIS,JF DR 52,2017,Camión Grúa
77266680-2,PAIS,HK SR 53,2017,Camión Grúa
79615410-1,PROM,DZXL-79,2012,Camión Grúa
79615410-1,PROM,CTPG-30,2011,Camión Grúa
79615410-1,PROM,GLVS-27,2014,Camioneta 4x2
79615410-1,PROM,CVDT-14,2011,Camioneta 4x2
79615410-1,PROM,JDDP-44,2017,Hidroelevador
79615410-1,PROM,FXYY-71,2013,Camioneta 4x2
79615410-1,PROM,JJXD-74,2017,Hidroelevador
79615410-1,PROM,DLXL-12,2012,Camioneta 4x4
79615410-1,PROM,FRXC-67,2013,Camioneta 4x4
79615410-1,PROM,DWZX-42,2012,Camioneta 4x4
76336769-K,RAILEF,JJYB86,2016,Camioneta 4x2
76336769-K,RAILEF,HXX37,2017,Camioneta 4x2
76336769-K,RAILEF,GSHC52,1016,Camioneta 4x2
76321270-K,RCA,JRBD-50,2017,Camión 3/4
76321270-K,RCA,CWGX-64,2011,Camión Grúa
76321270-K,RCA,CGTW-53,2010,Camioneta 4x4
76321270-K,RCA,GHBG-14,2014,Camión 3/4
76321270-K,RCA,FVZL-20,2014,Camioneta 4x4
76321270-K,RCA,JRBD-33,2017,Camioneta 4x4
76321270-K,RCA,DLZL-86,2012,Camión Grúa
76321270-K,RCA,GCXL-92,2015,Camioneta 4x4
76321270-K,RCA,GTJK-77,2015,Camión Grúa
76321270-K,RCA,DRJK-46,2015,Retroexcavadora
77861560-6,RIO MAULE,FXJG-48,2013,Camioneta 4x2
77861560-6,RIO MAULE,FXJG-49,2013,Camioneta 4x2
77861560-6,RIO MAULE,CHWV-37,2010,Camión Grúa
77861560-6,RIO MAULE,CPRR-90,2010,Camión Grúa
77861560-6,RIO MAULE,KX-9019,1993,Camión Grúa
76265485-7,VASSAL,ZW5653,2007,Furgón
76265485-7,VASSAL,FKBF63,2004,Camioneta 4x2
76265485-7,VASSAL,CFZG38,2010,Furgón
76265485-7,VASSAL,CSTZ72,2011,Furgón
76265485-7,VASSAL,CJXZ22,2010,Furgón
76265485-7,VASSAL,BRFG84,2009,Furgón
76265485-7,VASSAL,CHTB36,2010,Furgón
76265485-7,VASSAL,FLBC19,2012,Furgón
76032425-6,INELECT,CV ZD-73,2011,Furgón
76032425-6,INELECT,WV- 5672,2007,Furgón
76032425-6,INELECT,CG TX-25,2010,Camión Grúa
78.838.690-7,Sociedad de Ingenieria Electrica Mataquito Ltda.,FYRH-92,2013,Camión Grúa
78.838.690-7,Sociedad de Ingenieria Electrica Mataquito Ltda.,BPHB-97,2008,Camión Grúa
78.838.690-7,Sociedad de Ingenieria Electrica Mataquito Ltda.,HTFF-89,2014,Camioneta 4x2
78.838.690-7,Sociedad de Ingenieria Electrica Mataquito Ltda.,DZSD-69,2013,Camioneta 4x2
78.838.690-7,Sociedad de Ingenieria Electrica Mataquito Ltda.,TBS-170,2016,OTRO
76.752.650-4,SERVICIOS ELECTRICOS MANZO LTDA,CH-KS 61,2011,Camioneta 4x2
76.752.650-4,SERVICIOS ELECTRICOS MANZO LTDA,GR KD 60,2014,Furgón
76.752.650-4,SERVICIOS ELECTRICOS MANZO LTDA,GL ZS 28,2015,Camioneta 4x2
76.752.650-4,SERVICIOS ELECTRICOS MANZO LTDA,HJ RV 51,2015,Furgón
76.752.650-4,SERVICIOS ELECTRICOS MANZO LTDA,CH KF 76,2015,Furgón
76790830-K,M&B,CGRL-83,2010,Furgón
76790830-K,M&B,CRLF-39,2010,Furgón
76790830-K,M&B,CJJT-68,2010,Furgón
04598442-7,LUIS CUELLAR ROJAS,TS-1895,2000,CAMIONETA  HILUX 2 X4
04598442-7,LUIS CUELLAR ROJAS,UB-4813,2001,CAMIONETA  HILUX 2 X4
76728990-1,INGEPP,BKLY27,2008,Camión 3/4
76728990-1,INGEPP,BKLY28,2008,Camión 3/4
76728990-1,INGEPP,CPCC97,2010,Camión 3/4
76728990-1,INGEPP,CPCC98,2010,Camión 3/4
76728990-1,INGEPP,DVPS44,2012,Camión 3/4
76728990-1,INGEPP,DVPS45,2012,Camión 3/4
76728990-1,INGEPP,DWVC10,2013,Camión 3/4
76728990-1,INGEPP,GYLW23,2015,Camión 3/4
76728990-1,INGEPP,GYLW25,2015,Camión 3/4
76728990-1,INGEPP,HCPR17,2015,Camión 3/4
76728990-1,INGEPP,HCPR19,2015,Camión 3/4
76728990-1,INGEPP,HLGV12,2016,Camión 3/4
76728990-1,INGEPP,HLGV13,2016,Camión 3/4
76728990-1,INGEPP,UZ2526,2002,Camión 3/4
76728990-1,INGEPP,CPJS88,2010,Camión Grúa
76728990-1,INGEPP,DJRX15,2012,Camión Grúa
76728990-1,INGEPP,DRCX78,2012,Camión Grúa
76728990-1,INGEPP,GSFK93,2014,Camión Grúa
76728990-1,INGEPP,HLFS 43,2015,Camión Grúa
76728990-1,INGEPP,HLFS 44,2015,Camión Grúa
76728990-1,INGEPP,HLFS45,2015,Camión Grúa
76728990-1,INGEPP,YS5421,2006,Camión Grúa
76728990-1,INGEPP,YU5433,2005,Camión Grúa
76728990-1,INGEPP,HDJC78,2015,Camioneta 4x2
76728990-1,INGEPP,FVLH98,2013,Camioneta 4x2
76728990-1,INGEPP,FVVS30,2013,Camioneta 4x2
76728990-1,INGEPP,FVWB59,2013,Camioneta 4x2
76728990-1,INGEPP,FXVW43,2013,Camioneta 4x2
76728990-1,INGEPP,FXVW44,2013,Camioneta 4x2
76728990-1,INGEPP,FXVW45,2013,Camioneta 4x2
76728990-1,INGEPP,FXVW46,2013,Camioneta 4x2
76728990-1,INGEPP,FXVW47,2013,Camioneta 4x2
76728990-1,INGEPP,GKVW54,2014,Camioneta 4x2
76728990-1,INGEPP,GPKW76,2015,Camioneta 4x2
76728990-1,INGEPP,FXVW42,2013,Camioneta 4x4
76728990-1,INGEPP,FHKW85,2013,Furgón
76728990-1,INGEPP,DRBH97,2007,Hidroelevador
76728990-1,INGEPP,FWVS 61,2013,Hidroelevador
76728990-1,INGEPP,HKSR37,2016,Hidroelevador
76728990-1,INGEPP,HKSR10,2017,Hidroelevador
76728990-1,INGEPP,HGJ563,2008,OTRO
76728990-1,INGEPP,JD4014,1998,OTRO
76728990-1,INGEPP,JH3150,2012,OTRO
76728990-1,INGEPP,RBF242,2012,OTRO
76728990-1,INGEPP,SE3560,1998,OTRO
76728990-1,INGEPP,YK5474,2005,OTRO
76728990-1,INGEPP,HZRT78,2016,Retroexcavadora
76728990-1,INGEPP,JGVH83,2016,Retroexcavadora
76728990-1,INGEPP,GSVF93,2014,Retroexcavadora
76728990-1,INGEPP,CTBT61,2010,Retroexcavadora
76728990-1,INGEPP,JGYY34,2017,Retroexcavadora
76301850-4,NBC,LE 4345 ,1995,Camión Grúa
76301850-4,NBC,NJ 2450,1995,Camión Grúa
76301850-4,NBC,RX 4900,2004,Camioneta 4x2
76301850-4,NBC,XX 4101,2005,Camioneta 4x2
77694680-K,MAVASA,GVBL-10-1,2014,Camioneta 4x4
77694680-K,MAVASA,GVBL-11-K,2014,Camioneta 4x4
77694680-K,MAVASA,DPJV-26-5,2012,Camioneta 4x2
77694680-K,MAVASA,GVBL-12-8,2014,Camioneta 4x4
77694680-K,MAVASA,GDVF-80-3,2014,Camioneta 4x4
77694680-K,MAVASA,JFTP.12-K,2017,Camioneta 4x2
77694680-K,MAVASA,JFTL-93,2017,Camioneta 4x2
77694680-K,MAVASA,GDKV-16-4,2014,Camioneta 4x4
77694680-K,MAVASA,JFTP-13-8,2017,Camioneta 4x2
77694680-K,MAVASA,FTZP-27-4,2013,Camión 3/4
77694680-K,MAVASA,GHYX-69-1,2014,Camión 3/4
77694680-K,MAVASA,FVWS-46-8,2013,Camión Grúa
77694680-K,MAVASA,GDVC-43-6,2014,Camión Grúa
77694680-K,MAVASA,GZST-92,2016,Camión Grúa
77694680-K,MAVASA,DP.JV-25,2012,Camioneta 4x2
77694680-K,MAVASA,FSFL-15-6,2013,Retroexcavadora
77694680-K,MAVASA,FYTV82,2013,OTRO
77694680-K,MAVASA,GZYP-25-9,2014,Camioneta 4x2
77694680-K,MAVASA,JFTP-29,2017,Camioneta 4x2
77694680-K,MAVASA,JFTP-30,2017,Camioneta 4x2
77694680-K,MAVASA,GDKV-15-6,2014,Camioneta 4x4
77694680-K,MAVASA,GDKV-17-2,2014,Camioneta 4x4
77694680-K,MAVASA,DFXR-39-6,2011,Camioneta 4x4
77694680-K,MAVASA,DRDZ-62-4,2012,Camioneta 4x2
77694680-K,MAVASA,FJBK-80-1,2013,Camioneta 4x4
77694680-K,MAVASA,FJBK-81-K,2013,Camioneta 4x4
77694680-K,MAVASA,FJBK-82-8,2013,Camioneta 4x4
77694680-K,MAVASA,FJBK-79-8,2013,Camioneta 4x4
77694680-K,MAVASA,GZYP-26-7,2014,Camioneta 4x2
77694680-K,MAVASA,JFTP-28,2017,Camioneta 4x2
77694680-K,MAVASA,DRDZ-58,2012,Camioneta 4x2
77694680-K,MAVASA,DRDZ-67,2012,Camioneta 4x2
77694680-K,MAVASA,DYGD-92,2012,Camioneta 4x2
77694680-K,MAVASA,DYGD-93,2012,Camioneta 4x2
77694680-K,MAVASA,DYGD-95,2012,Camioneta 4x2
77694680-K,MAVASA,GYYH51,2017,Camioneta 4x2
77694680-K,MAVASA,DFXS-88,2012,Camioneta 4x2
77694680-K,MAVASA,HLZS-85,2015,Camioneta 4x2
77694680-K,MAVASA,JSGT-50,2017,Camioneta 4x2
76799970-4,MAP INGENIERIA,FYKZ-27,2014,Camión 3/4
76799970-4,MAP INGENIERIA,GBTS-98,2014,Camioneta 4x4
76799970-4,MAP INGENIERIA,DXPH-39,2013,Camioneta 4x4
76799970-4,MAP INGENIERIA,DXPH-40,2013,Camioneta 4x4
76799970-4,MAP INGENIERIA,FVJT-97,2013,Camioneta 4x4
76799970-4,MAP INGENIERIA,FFTX-74,2013,Camioneta 4x4
76799970-4,MAP INGENIERIA,DRKG-72,2012,Camión Grúa
76799970-4,MAP INGENIERIA,DSPZ-88,2012,Retroexcavadora
76799970-4,MAP INGENIERIA,DPVG-91,2012,Retroexcavadora
76799970-4,MAP INGENIERIA,DCTG-49,2011,Camión Grúa
76799970-4,MAP INGENIERIA,CKYZ-41,2010,Camioneta 4x4
76799970-4,MAP INGENIERIA,CCCP-43,2010,Camioneta 4x4
76799970-4,MAP INGENIERIA,CKSL-58,2010,OTRO
76799970-4,MAP INGENIERIA,CPBR-57,2010,Retroexcavadora
76799970-4,MAP INGENIERIA,BGGG-13,2009,Camioneta 4x2
76799970-4,MAP INGENIERIA,BDKT-69,2008,Camión 3/4
76799970-4,MAP INGENIERIA,BFZD-35,2008,Camión Grúa
76799970-4,MAP INGENIERIA,BDLH-36,2008,Camión 3/4
76799970-4,MAP INGENIERIA,WT-8298,2007,Retroexcavadora
76799970-4,MAP INGENIERIA,ZY-8460,2006,Camión Grúa
76799970-4,MAP INGENIERIA,ZA-9106,2005,Camión 3/4
76799970-4,MAP INGENIERIA,YG-9103,2005,Camión Grúa
10833923-3,JUAN NORAMBUENA,JHYR-35-2,2017,Camioneta 4x2
10833923-3,JUAN NORAMBUENA,JHYR-36-0,2017,Camioneta 4x2
10833923-3,JUAN NORAMBUENA,JHYR-37-9,2017,Camioneta 4x2
10833923-3,JUAN NORAMBUENA,JHYR-38-7,2017,Camioneta 4x2
10833923-3,JUAN NORAMBUENA,JHYR-39-5,2017,Camioneta 4x2
10833923-3,JUAN NORAMBUENA,JHYR-40-9,2017,Camioneta 4x2
10833923-3,JUAN NORAMBUENA,JSZL36-4,2017,Camioneta 4x2
10833923-3,JUAN NORAMBUENA,HWVH-50-1,2016,Camioneta 4x2
10833923-3,JUAN NORAMBUENA,HJGL-92-0,2015,Camioneta 4x2
10833923-3,JUAN NORAMBUENA,HJGL-91-2,2015,Camioneta 4x2
10833923-3,JUAN NORAMBUENA,GLTV-57-7,2014,Camioneta 4x2
10833923-3,JUAN NORAMBUENA,FGYK-78-9,2013,Camioneta 4x2
10833923-3,JUAN NORAMBUENA,CVVV-93-K,2011,Camioneta 4x2
10833923-3,JUAN NORAMBUENA,GBKW-90-0,2014,Camioneta 4x4
10833923-3,JUAN NORAMBUENA,GBSG-81-8,2014,Camioneta 4x4
10833923-3,JUAN NORAMBUENA,DWGW-47-0,2012,Camioneta 4x4
10833923-3,JUAN NORAMBUENA,DWGW-48-9,2012,Camioneta 4x4
10833923-3,JUAN NORAMBUENA,FGYD-84-1,2012,Camioneta 4x4
10833923-3,JUAN NORAMBUENA,CBJP-31-0,2010,Camioneta 4x4
10833923-3,JUAN NORAMBUENA,HZPV-85-4,2016,Hidroelevador
10833923-3,JUAN NORAMBUENA,HDDT-17-2,2015,Hidroelevador
10833923-3,JUAN NORAMBUENA,ZA-3475-2,2006,Hidroelevador
10833923-3,JUAN NORAMBUENA,JCPC-39-3,2017,Camión Grúa
10833923-3,JUAN NORAMBUENA,HLYH-74-9,2015,Camión Grúa
10833923-3,JUAN NORAMBUENA,GLDS-62-5,2014,Camión Grúa
10833923-3,JUAN NORAMBUENA,CXZL-28-6,2011,Camión Grúa
10833923-3,JUAN NORAMBUENA,CVJC-24-9,2011,Camión Grúa
10833923-3,JUAN NORAMBUENA,ZK-5248-9,2006,Camión Grúa
10833923-3,JUAN NORAMBUENA,No Aplica,2017,Retroexcavadora
10833923-3,JUAN NORAMBUENA,HWGL-48-9,2016,Retroexcavadora
10833923-3,JUAN NORAMBUENA,TXC - 967,2017,OTRO
10833923-3,JUAN NORAMBUENA,JD-9485-0,1998,OTRO
10833923-3,JUAN NORAMBUENA,JE-7127-8,1992,OTRO
76093366-k,ILSON GONZALEZ (COYOTE),SN6862,1999,CAMION
76093366-k,ILSON GONZALEZ (COYOTE),CSZJ12,2010,CAMIONETA
76093366-k,ILSON GONZALEZ (COYOTE),JBTC 48,2017,CAMIONETA
76093366-k,ILSON GONZALEZ (COYOTE),HVYC40,2016,CAMIONETA
76093366-k,ILSON GONZALEZ (COYOTE),FZVR23,2014,CAMIONETA
76.074.287-2,I.E.G. LTDA TALCA,HDBC-94,2015,Camioneta 4x2
76.074.287-2,I.E.G. LTDA TALCA,HHZY-80,2015,Camioneta 4x4
76.074.287-2,I.E.G. LTDA TALCA,FKGG-99,2013,Camioneta 4x2
76.074.287-2,I.E.G. LTDA TALCA,JWGR-90,2018,Camioneta 4x2
76.074.287-2,I.E.G. LTDA TALCA,WS4543,2007,Camioneta 4x2
76.074.287-2,I.E.G. LTDA TALCA,ZR-3324,2006,Furgón
76.074.287-2,I.E.G. LTDA TALCA,DXSC-47,2012,Furgón
76.074.287-2,I.E.G. LTDA TALCA,FZSC-96,2014,Camioneta 4x2
76036900-4,IMOFESA,CZCL 30,2011,Camión Grúa
76036900-4,IMOFESA,DPDV 61,2012,Camión Grúa
76036900-4,IMOFESA,JVGG 92,2017,Camioneta 4x4
76036900-4,IMOFESA,JTFW 87,2017,Camioneta 4x2
76036900-4,IMOFESA,JTFW 88,2017,Camioneta 4x2
76036900-4,IMOFESA,GZXW 70,2015,Camioneta 4x2
76036900-4,IMOFESA,GZRT 53,2015,Camioneta 4x2
76036900-4,IMOFESA,FWPS 41,2013,Camioneta 4x2
76036900-4,IMOFESA,FWPS 42,2013,Camioneta 4x2
76036900-4,IMOFESA,DSRH 98,2012,Camioneta 4x2
76036900-4,IMOFESA,TE 2697,1999,Camioneta 4x4
76036900-4,IMOFESA,SR 3885,1998,Camioneta 4x4
76036900-4,IMOFESA,GFXX 48,2014,Furgón
76036900-4,IMOFESA,DXDS 26,2012,Furgón
76036900-4,IMOFESA,ZY 2654,2006,Furgón
76.009.013-1,Mapeso Ltda.,JS-HJ-95,2017,Camión 3/4
76.009.013-1,Mapeso Ltda.,JH-BC-89,2017,Camión 3/4
76.009.013-1,Mapeso Ltda.,JS-HJ-96,2017,Camión 3/4
76.009.013-1,Mapeso Ltda.,CH-SZ-21,2010,Camión 3/4
76.009.013-1,Mapeso Ltda.,GZ-WX-29,2015,Camión Grúa
76.009.013-1,Mapeso Ltda.,CJ-HS-80,2010,Camión 3/4
76.009.013-1,Mapeso Ltda.,DP-VX-60,2013,Camioneta 4x2
76.009.013-1,Mapeso Ltda.,DT-DS-60,2013,Camioneta 4x2
